rs_id,chromosome,position,alleles,ref_aa,alt_aa,aa_position,amino_acid_change,protein_position,consequence,clinical_significance,sift_score,sift_pred,polyphen_score,polyphen_pred,polyphen_source,confidence
rs434509616,4,49589650,,,,,,757,missense_variant,Likely Pathogenic,0.02,deleterious,,,None,high
rs876526610,4,49589644,,,,,,759,missense_variant,Likely Pathogenic,0.01,deleterious,,,None,high
rs481898653,4,49593764,,,,,,666,missense_variant,Likely Pathogenic,0.0,deleterious,,,None,high
rs876366733,4,49589686,,,,,,745,missense_variant,Possibly Benign,0.11,tolerated,,,None,high
rs876515005,4,49589704,,,,,,739,missense_variant,Likely Pathogenic,0.0,deleterious,,,None,high
rs719033504,4,49593769,,,,,,664,missense_variant,Likely Pathogenic,0.03,deleterious,,,None,high
rs800397662,4,49600585,,,,,,568,missense_variant,Likely Pathogenic,0.0,deleterious,,,None,high
rs457710904,4,49593847,,,,,,638,missense_variant,Likely Pathogenic,0.0,deleterious,,,None,high
rs479846198,4,49606737,,,,,,542,missense_variant,Possibly Benign,0.09,tolerated,,,None,high
rs450242867,4,49628127,,,,,,386,missense_variant,Likely Pathogenic,0.0,deleterious,,,None,high
rs481808921,4,49628076,,,,,,403,missense_variant,Likely Pathogenic,0.0,deleterious,,,None,high
rs447597580,4,49600496,,,,,,598,missense_variant,Possibly Benign,0.13,tolerated,,,None,high
rs435767705,4,49628185,,,,,,367,missense_variant,Likely Pathogenic,0.04,deleterious,,,None,high
rs209808238,4,49628188,,,,,,366,missense_variant,Likely Pathogenic,0.03,deleterious,,,None,high
rs439611181,4,49628208,,,,,,359,missense_variant,Likely Pathogenic,0.0,deleterious,,,None,high
rs470232083,4,49628130,,,,,,385,missense_variant,Likely Pathogenic,0.0,deleterious,,,None,high
rs133040343,4,49628369,,,,,,348,missense_variant,Likely Pathogenic,0.05,deleterious,,,None,high
rs464945534,4,49628349,,,,,,354,"missense_variant, splice_region_variant",Likely Pathogenic,0.0,deleterious,,,None,high
rs435787426,4,49628353,,,,,,353,missense_variant,Likely Pathogenic,0.0,deleterious,,,None,high
rs451871326,4,49628527,,,,,,295,missense_variant,Possibly Benign,0.07,tolerated,,,None,high
rs473253184,4,49628528,,,,,,295,missense_variant,Likely Pathogenic,0.03,deleterious,,,None,high
rs474276562,4,49628626,,,,,,262,missense_variant,Possibly Benign,0.23,tolerated,,,None,high
rs475589693,4,49628629,,,,,,261,missense_variant,Likely Pathogenic,0.04,deleterious,,,None,high
rs458024711,4,49628784,,,,,,209,missense_variant,Likely Pathogenic,0.02,deleterious,,,None,high
rs209108483,4,49628786,,,,,,209,missense_variant,Likely Pathogenic,0.02,deleterious,,,None,high
rs474105759,4,49628656,,,,,,252,missense_variant,Possibly Benign,0.38,tolerated,,,None,high
rs43387501,4,49628736,,,,,,225,missense_variant,Possibly Benign,1.0,tolerated,,,None,high
rs446412680,4,49628837,,,,,,192,missense_variant,Possibly Benign,0.26,tolerated,,,None,high
rs450218345,4,49628851,,,,,,187,missense_variant,Possibly Benign,0.24,tolerated,,,None,high
rs43387500,4,49628962,,,,,,150,missense_variant,Possibly Benign,0.47,tolerated,,,None,high
rs719303816,4,49629110,,,,,,101,missense_variant,Possibly Benign,0.12,tolerated,,,None,high
rs461842532,4,49628840,,,,,,191,missense_variant,Possibly Benign,0.08,tolerated,,,None,high
rs445545392,4,49628981,,,,,,144,missense_variant,Possibly Benign,0.29,tolerated,,,None,high
rs455545104,4,49629118,,,,,,98,missense_variant,Likely Pathogenic,0.01,deleterious,,,None,high
rs109311983,4,49629161,,,,,,84,missense_variant,Possibly Benign,1.0,tolerated,,,None,high
rs110345923,4,49629163,,,,,,83,missense_variant,Possibly Benign,1.0,tolerated,,,None,high
rs467059742,4,49629113,,,,,,100,missense_variant,Possibly Benign,0.57,tolerated,,,None,high
rs433955289,4,49629115,,,,,,99,missense_variant,Likely Pathogenic,0.0,deleterious,,,None,high
rs1115453772,4,49629191,,,,,,74,missense_variant,Possibly Benign,1.0,tolerated_low_confidence,,,None,low
rs441179988,4,49629286,,,,,,42,missense_variant,Likely Pathogenic,0.0,deleterious_low_confidence,,,None,low
rs1114915278,4,49629289,,,,,,41,missense_variant,Possibly Benign,0.14,tolerated_low_confidence,,,None,low
rs472717268,4,49629241,,,,,,57,missense_variant,Possibly Benign,0.06,tolerated_low_confidence,,,None,low
rs456546048,4,49629200,,,,,,71,missense_variant,Likely Pathogenic,0.01,deleterious_low_confidence,,,None,low
rs475694462,4,49629394,,,,,,6,missense_variant,Likely Pathogenic,0.04,deleterious_low_confidence,,,None,low
rs439388923,4,49629400,,,,,,4,missense_variant,Possibly Benign,0.08,tolerated_low_confidence,,,None,low
rs43387496,4,49635372,,,,,,6,missense_variant,Possibly Benign,0.24,tolerated_low_confidence,,,None,low
rs461333688,4,49629387,,,,,,8,missense_variant,Likely Pathogenic,0.02,deleterious_low_confidence,,,None,low
rs437903386,4,49654815,,,,,,8,missense_variant,Possibly Benign,0.25,tolerated_low_confidence,,,None,low
